[{"model": "portfolio.skill", "pk": 1, "fields": {"name": "JavaSript", "level": "100"}}, {"model": "portfolio.skill", "pk": 2, "fields": {"name": "Node.js", "level": "85"}}, {"model": "portfolio.skill", "pk": 3, "fields": {"name": "HTML", "level": "100"}}, {"model": "portfolio.skill", "pk": 4, "fields": {"name": "CSS", "level": "95"}}, {"model": "portfolio.skill", "pk": 5, "fields": {"name": "React", "level": "90"}}, {"model": "portfolio.skill", "pk": 6, "fields": {"name": "Vue", "level": "80"}}, {"model": "portfolio.skill", "pk": 7, "fields": {"name": "Angular", "level": "90"}}, {"model": "portfolio.skill", "pk": 8, "fields": {"name": "Bootstrap", "level": "85"}}, {"model": "portfolio.category", "pk": 1, "fields": {"engname": "frontend", "rusname": "Фронтенд"}}, {"model": "portfolio.category", "pk": 2, "fields": {"engname": "ux-ui", "rusname": "UX и UI"}}, {"model": "portfolio.category", "pk": 3, "fields": {"engname": "mobile", "rusname": "Android и iOS"}}, {"model": "portfolio.category", "pk": 4, "fields": {"engname": "mockup", "rusname": "Макеты"}}, {"model": "portfolio.category", "pk": 5, "fields": {"engname": "template", "rusname": "Шаблоны"}}, {"model": "portfolio.work", "pk": 1, "fields": {"title": "Интерфейс приложения", "slug": "ux-ui-for-mobile-app", "category": 3, "image": "works/picture5.jpg", "description": "<h3 class=\"mt-5\">Разработка UX/UI для музыкального мобильного приложения</h3>\r\n<p>Музыкальное мобильное приложение - это не просто инструмент для прослушивания музыки. Это целый мир звуков и эмоций, который должен быть доступен и удобен для каждого пользователя. Для того чтобы создать удобный и привлекательный интерфейс, необходимо уделить особое внимание разработке UX/UI.</p>\r\n<p>UX (User Experience) - это опыт взаимодействия пользователя с приложением. Цель UX-дизайна - создать такой интерфейс, который будет максимально удобен и понятен для пользователя. UI (User Interface) - это визуальное оформление приложения. Цель UI-дизайна - создать привлекательный и эстетически приятный дизайн.</p>\r\n<p>Важно понимать, что разработка UX/UI - это итеративный процесс, который требует постоянного тестирования и улучшения. Только так можно создать музыкальное мобильное приложение, которое будет удобным и привлекательным для всех пользователей.</p>", "stack": "<ul class=\"list-unstyled\">\r\n<li>Figma</li>\r\n<li>Illustrator</li>\r\n<li>Photoshop</li>\r\n<li>Sketcher</li>\r\n</ul>", "link": "https://travel-now.eu"}}, {"model": "portfolio.work", "pk": 2, "fields": {"title": "Прокат автомобилей", "slug": "car-rental", "category": 4, "image": "works/picture4.jpg", "description": "<h3 class=\"mt-5\">Реализация проекта по разработке макетов для компании по прокату автомобилей</h3>\r\n<p>Компания по прокату автомобилей - это бизнес, который должен быть представлен в наилучшем свете. Для того чтобы создать привлекательный и удобный интерфейс для клиентов, необходимо уделить особое внимание разработке макетов.</p>\r\n<p>Макеты - это визуальные представления будущих веб-страниц или приложений. Цель разработки макетов - создать такой дизайн, который будет удобен и привлекателен для пользователей. Для этого используются различные инструменты и технологии, такие как Adobe Photoshop, Sketch или Figma.</p>\r\n<p>Реализация проекта по разработке макетов для компании по прокату автомобилей - это сложный и ответственный процесс, который требует участия опытных дизайнеров. В первую очередь, необходимо определить функциональные возможности сайта или приложения и его основные характеристики.</p>\r\n<p>Среди основных функций макетов для компании по прокату автомобилей можно выделить следующие:</p>\r\n<ul>\r\n<li>Отображение информации о предлагаемых автомобилях;</li>\r\n<li>Интерактивные элементы (формы бронирования, кнопки \"выбрать автомобиль\" и \"оставить заявку\");</li>\r\n<li>Адаптивность и отзывчивость (макеты должны корректно отображаться на любых устройствах);</li>\r\n<li>SEO-оптимизация (макеты должны быть оптимизированы для поисковых систем).</li>\r\n</ul>\r\n<p>Кроме того, макеты для компании по прокату автомобилей должны быть удобными и интуитивно понятными для пользователей. Дизайн макетов должен соответствовать современным требованиям и стандартам.</p>\r\n<p>Важным этапом реализации проекта по разработке макетов для компании по прокату автомобилей является тестирование. Необходимо протестировать все функции макетов и убедиться в их стабильной работе. Также следует обратить внимание на безопасность сайта или приложения и защиту данных пользователей.</p>\r\n<p>В итоге, реализация проекта по разработке макетов для компании по прокату автомобилей - это сложный, но важный процесс, который позволяет создать привлекательный и удобный интерфейс для клиентов. Результатом такой работы станет повышение эффективности работы компании и увеличение числа довольных клиентов.</p>", "stack": "<ul class=\"list-unstyled\">\r\n<li>Figma</li>\r\n<li>Illustrator</li>\r\n<li>Photoshop</li>\r\n<li>Sketcher</li>\r\n</ul>", "link": "https://rent-a-car.eu"}}, {"model": "portfolio.work", "pk": 3, "fields": {"title": "Сайт блогера", "slug": "bloger-site", "category": 1, "image": "works/picture3.jpg", "description": "<h3 class=\"mt-5\">Проект по разработке фронтенда для сайта блогера: новый уровень взаимодействия с аудиторией</h3>\r\n<p>Сайт блогера - это не просто платформа для публикации контента, это место, где автор и его аудитория могут взаимодействовать и обмениваться идеями. Для того чтобы создать удобный и привлекательный интерфейс сайта, необходимо уделить особое внимание разработке фронтенда.</p>\r\n<p>Фронтенд - это та часть сайта, которую видит пользователь в своем браузере. Цель фронтенд-разработки - создать такой интерфейс, который будет максимально удобен и приятен для пользователя. Для этого используются различные технологии и инструменты, такие как HTML, CSS и JavaScript.</p>\r\n<p>Проект по разработке фронтенда для сайта блогера - это сложный и ответственный процесс, который требует участия опытных специалистов. В первую очередь, необходимо определить функциональные возможности сайта и его основные характеристики.</p>\r\n<p>Среди основных функций фронтенда для сайта блогера можно выделить следующие:</p>\r\n<ul>\r\n<li>Отображение контента (статей, фотографий, видео);</li>\r\n<li>Интерактивные элементы (комментарии, лайки, подписки);</li>\r\n<li>Адаптивность и отзывчивость (сайт должен корректно отображаться на любых устройствах);</li>\r\n<li>SEO-оптимизация (сайт должен быть оптимизирован для поисковых систем).</li>\r\n</ul>\r\n<p>Кроме того, фронтенд для сайта блогера должен быть удобным и интуитивно понятным для пользователей. Дизайн сайта должен соответствовать современным требованиям и стандартам.</p>\r\n<p>Важным этапом проекта по разработке фронтенда для сайта блогера является тестирование. Необходимо протестировать все функции сайта и убедиться в его стабильной работе. Также следует обратить внимание на безопасность сайта и защиту данных пользователей.</p>\r\n<p>В итоге, проект по разработке фронтенда для сайта блогера - это сложный, но важный процесс, который позволяет создать удобный и привлекательный интерфейс сайта. Результатом такой работы станет новый уровень взаимодействия с аудиторией и повышение популярности блогера.</p>", "stack": "<ul class=\"list-unstyled\">\r\n<li>HTML</li>\r\n<li>CSS</li>\r\n<li>JavaScript</li>\r\n<li>React</li>\r\n</ul>", "link": "https://vet-now.eu"}}, {"model": "portfolio.work", "pk": 4, "fields": {"title": "Шаблоны Android-приложения", "slug": "android-app-templates", "category": 5, "image": "works/picture2.jpg", "description": "<h3 class=\"mt-5\">Технические вызовы проекта по разработке шаблонов для сайтов</h3>\r\n<p>Проект по разработке шаблонов для сайтов - это сложный и ответственный процесс, который требует участия опытных специалистов. В ходе такого проекта возникают различные технические вызовы, которые необходимо учитывать и решать.</p>\r\n<p>Один из главных технических вызовов при разработке шаблонов для сайтов - это обеспечение адаптивности и отзывчивости. Шаблоны должны корректно отображаться на любых устройствах, начиная от десктопных компьютеров и заканчивая мобильными телефонами. Для этого необходимо использовать специальные технологии и инструменты, такие как медиа-запросы и Bootstrap.</p>\r\n<p>Еще одним техническим вызовом при разработке шаблонов для сайтов является обеспечение безопасности. Шаблоны должны быть защищены от взлома и злоупотребления данными пользователей. Для этого необходимо использовать современные методы шифрования и защиты от атак, такие как SSL-шифрование и XSS-фильтры.</p>\r\n<p>Также важным техническим вызовом при разработке шаблонов для сайтов является оптимизация для поисковых систем. Шаблоны должны быть оптимизированы для поисковых систем, чтобы сайт был легко найден пользователем. Для этого необходимо использовать современные методы SEO-оптимизации, такие как уникальные мета-теги и правильная структура URL.</p>\r\n<p>Кроме того, при разработке шаблонов для сайтов необходимо учитывать скорость загрузки страниц. Медленно загружающийся сайт может отпугнуть пользователей и негативно сказаться на позициях в поисковых системах. Для решения этой проблемы необходимо использовать современные методы оптимизации скорости загрузки, такие как сжатие изображений и минификация кода.</p>\r\n<p>В итоге, проект по разработке шаблонов для сайтов - это сложный и ответственный процесс, который требует учета различных технических вызовов. Однако, благодаря правильному подходу и использованию современных технологий и инструментов, можно создать шаблоны, которые будут удобными и привлекательными для пользователей, а также безопасными и оптимизированными для поисковых систем.</p>", "stack": "<ul class=\"list-unstyled list-line mb-5\">\r\n <li>JavaScript</li>\r\n <li>HTML5/CSS3</li>\r\n  <li>Bootstrap</li>\r\n  <li>Alpine.js</li>\r\n</ul>", "link": "https://site-now.eu"}}, {"model": "portfolio.work", "pk": 5, "fields": {"title": "UX/UI для суши-ресторана", "slug": "sushi-parlor", "category": 2, "image": "works/picture1.jpg", "description": "<h3 class=\"mt-5\">Разработка UX/UI для суши-ресторана</h3>\r\n<p>Суши-ресторан - это место, где люди приходят насладиться вкусной едой и уютной атмосферой. Для того чтобы создать удобный и привлекательный интерьер и обеспечить комфортное взаимодействие с посетителями, необходимо уделить особое внимание разработке UX/UI.</p>\r\n<p>UX (User Experience) - это опыт взаимодействия пользователя с рестораном. Цель UX-дизайна - создать такой интерьер и обслуживание, которые будут максимально удобны и приятны для посетителя. UI (User Interface) - это визуальное оформление ресторана. Цель UI-дизайна - создать привлекательный и эстетически приятный дизайн.</p>\r\n<p>Для разработки UX/UI суши-ресторана необходимо использовать следующие инструменты:</p>\r\n<ul>\r\n<li>Исследование целевой аудитории и анализ конкурентов;</li>\r\n<li>Создание прототипов и wireframes;</li>\r\n<li>Тестирование интерьера и обслуживания на посетителях;</li>\r\n<li>Разработка дизайна и цветовой гаммы;</li>\r\n<li>Создание анимаций и эффектов.</li>\r\n</ul>\r\n<p>Важно понимать, что разработка UX/UI - это итеративный процесс, который требует постоянного тестирования и улучшения. Только так можно создать суши-ресторан, который будет удобным и привлекательным для всех посетителей.</p>", "stack": "<ul class=\"list-unstyled\">\r\n<li>Figma</li>\r\n<li>Illustrator</li>\r\n<li>Photoshop</li>\r\n<li>Sketcher</li>\r\n</ul>", "link": "https://player-now.eu"}}, {"model": "portfolio.work", "pk": 6, "fields": {"title": "Элементы интерфейса", "slug": "entertainment-app", "category": 2, "image": "works/picture6.jpg", "description": "<h3 class=\"mt-5\">Разработка UX/UI для развлекательного мобильного приложения</h3>\r\n<p>Развлекательное мобильное приложение - это инструмент, который должен доставлять радость и удовольствие каждому пользователю. Для того чтобы создать удобный и привлекательный интерфейс, необходимо уделить особое внимание разработке UX/UI.</p>\r\n<p>UX (User Experience) - это опыт взаимодействия пользователя с приложением. Цель UX-дизайна - создать такой интерфейс, который будет максимально удобен и понятен для пользователя. UI (User Interface) - это визуальное оформление приложения. Цель UI-дизайна - создать привлекательный и эстетически приятный дизайн.</p>\r\n<p>Для разработки UX/UI развлекательного мобильного приложения необходимо использовать следующие инструменты:</p>\r\n<ul>\r\n<li>Исследование пользователей и анализ конкурентов;</li>\r\n<li>Создание прототипов и wireframes;</li>\r\n<li>Тестирование интерфейса на пользователях;</li>\r\n<li>Разработка дизайна и цветовой гаммы;</li>\r\n<li>Создание анимаций и эффектов.</li>\r\n</ul>\r\n<p>Важно понимать, что разработка UX/UI - это итеративный процесс, который требует постоянного тестирования и улучшения. Только так можно создать развлекательное мобильное приложение, которое будет удобным и привлекательным для всех пользователей.</p>", "stack": "<ul class=\"list-unstyled\">\r\n<li>Figma</li>\r\n<li>Illustrator</li>\r\n<li>Photoshop</li>\r\n<li>Sketcher</li>\r\n</ul>", "link": "https://player-now.eu"}}, {"model": "portfolio.work", "pk": 7, "fields": {"title": "Креативное агентство", "slug": "creative-agency", "category": 5, "image": "works/picture7.jpg", "description": "<h3 class=\"mt-5\">Ход реализации проекта по разработке шаблонов для креативного агентства</h3>\r\n<p>Креативное агентство - это место, где рождаются идеи и создаются неповторимые проекты. Для того чтобы создать уникальный и привлекательный дизайн для различных проектов, необходимо уделить особое внимание разработке шаблонов.</p>\r\n<p>Шаблоны - это заранее подготовленные элементы дизайна, которые могут быть использованы для создания различных проектов. Цель разработки шаблонов - создать такой дизайн, который будет удобен и привлекателен для пользователей.</p>\r\n<p>Ход реализации проекта по разработке шаблонов для креативного агентства - это сложный и ответственный процесс, который требует участия опытных дизайнеров. В первую очередь, необходимо определить функциональные возможности шаблонов и их основные характеристики.</p>\r\n<p>Среди основных функций шаблонов для креативного агентства можно выделить следующие:</p>\r\n<ul>\r\n<li>Отображение информации о предлагаемых услугах агентства;</li>\r\n<li>Интерактивные элементы (формы обратной связи, кнопки \"посмотреть портфолио\" и \"оставить заявку\");</li>\r\n<li>Адаптивность и отзывчивость (шаблоны должны корректно отображаться на любых устройствах);</li>\r\n<li>SEO-оптимизация (шаблоны должны быть оптимизированы для поисковых систем).</li>\r\n</ul>\r\n<p>Кроме того, шаблоны для креативного агентства должны быть удобными и интуитивно понятными для пользователей. Дизайн шаблонов должен соответствовать современным требованиям и стандартам.</p>\r\n<p>Важным этапом хода реализации проекта по разработке шаблонов для креативного агентства является тестирование. Необходимо протестировать все функции шаблонов и убедиться в их стабильной работе. Также следует обратить внимание на безопасность сайта или приложения и защиту данных пользователей.</p>\r\n<p>В итоге, ход реализации проекта по разработке шаблонов для креативного агентства - это сложный, но важный процесс, который позволяет создать уникальный и привлекательный дизайн для различных проектов. Результатом такой работы станет повышение эффективности работы агентства и увеличение числа довольных клиентов.</p>", "stack": "<ul class=\"list-unstyled\">\r\n<li>Figma</li>\r\n<li>Illustrator</li>\r\n<li>Photoshop</li>\r\n<li>Sketcher</li>\r\n</ul>", "link": "https://site-now.eu"}}, {"model": "portfolio.work", "pk": 8, "fields": {"title": "Интерьерный дизайн", "slug": "design-studio", "category": 1, "image": "works/picture8.jpg", "description": "<h3 class=\"mt-5\">Реализация проекта по разработке фронтенда для сайта дизайн-студии</h3>\r\n<p>Сайт дизайн-студии - это визитная карточка компании, которая должна привлекать внимание и вызывать доверие у потенциальных клиентов. Для того чтобы создать удобный и привлекательный интерфейс сайта, необходимо уделить особое внимание разработке фронтенда.</p>\r\n<p>Фронтенд - это та часть сайта, которую видит пользователь в своем браузере. Цель фронтенд-разработки - создать такой интерфейс, который будет максимально удобен и приятен для пользователя. Для этого используются различные технологии и инструменты, такие как HTML, CSS и JavaScript.</p>\r\n<p>Реализация проекта по разработке фронтенда для сайта дизайн-студии - это сложный и ответственный процесс, который требует участия опытных специалистов. В первую очередь, необходимо определить функциональные возможности сайта и его основные характеристики.</p>\r\n<p>Среди основных функций фронтенда для сайта дизайн-студии можно выделить следующие:</p>\r\n<ul>\r\n<li>Отображение портфолио работ студии;</li>\r\n<li>Интерактивные элементы (формы обратной связи, кнопки \"позвонить\" и \"написать\");</li>\r\n<li>Адаптивность и отзывчивость (сайт должен корректно отображаться на любых устройствах);</li>\r\n<li>SEO-оптимизация (сайт должен быть оптимизирован для поисковых систем).</li>\r\n</ul>\r\n<p>Кроме того, фронтенд для сайта дизайн-студии должен быть удобным и интуитивно понятным для пользователей. Дизайн сайта должен соответствовать современным требованиям и стандартам.</p>\r\n<p>Важным этапом реализации проекта по разработке фронтенда для сайта дизайн-студии является тестирование. Необходимо протестировать все функции сайта и убедиться в его стабильной работе. Также следует обратить внимание на безопасность сайта и защиту данных пользователей.</p>\r\n<p>В итоге, реализация проекта по разработке фронтенда для сайта дизайн-студии - это сложный, но важный процесс, который позволяет создать удобный и привлекательный интерфейс сайта. Результатом такой работы станет повышение эффективности работы студии и привлечение новых клиентов.</p>", "stack": "<ul class=\"list-unstyled\">\r\n<li>HTML</li>\r\n<li>CSS</li>\r\n<li>JavaScript</li>\r\n<li>Vue</li>\r\n</ul>", "link": "https://site-now.eu"}}, {"model": "portfolio.work", "pk": 9, "fields": {"title": "Трекинг проектов", "slug": "project-tracking", "category": 3, "image": "works/picture9.jpg", "description": "<h3 class=\"mt-5\">Разработка мобильного приложения для трекинга проектов</h3>\r\n<p>В современном мире все больше людей работают удаленно и ведут проекты в различных сферах деятельности. Для того чтобы эффективно управлять своими задачами и проектами, необходимо использовать специальные инструменты. Один из таких инструментов - мобильное приложение для трекинга проектов.</p>\r\n<p>Разработка мобильного приложения для трекинга проектов - это сложный и ответственный процесс, который требует участия опытных специалистов. В первую очередь, необходимо определить функциональные возможности приложения и его основные характеристики.</p>\r\n<p>Среди основных функций мобильного приложения для трекинга проектов можно выделить следующие:</p>\r\n<ul>\r\n<li>Добавление новых проектов и задач;</li>\r\n<li>Оценка времени выполнения задач;</li>\r\n<li>Установка приоритетов для задач;</li>\r\n<li>Отслеживание статуса выполнения задач;</li>\r\n<li>Комментарии и обсуждения проектов и задач.</li>\r\n</ul>\r\n<p>Кроме того, мобильное приложение для трекинга проектов должно быть удобным и интуитивно понятным для пользователей. Дизайн приложения должен соответствовать современным требованиям и стандартам.</p>\r\n<p>Важным этапом разработки мобильного приложения для трекинга проектов является тестирование. Необходимо протестировать все функции приложения и убедиться в его стабильной работе. Также следует обратить внимание на безопасность приложения и защиту данных пользователей.</p>\r\n<p>В итоге, разработка мобильного приложения для трекинга проектов - это сложный, но важный процесс, который позволяет эффективно управлять своими задачами и проектами. Результатом такой работы станет удобный и функциональный инструмент, который поможет повысить эффективность работы и достигать поставленных целей.</p>", "stack": "<ul class=\"list-unstyled list-line mb-5\">\r\n <li>Flutter</li>\r\n <li>HTML5/CSS3</li>\r\n <li>Dart</li>\r\n <li>React Native</li>\r\n</ul>", "link": "https://site-now.eu"}}, {"model": "portfolio.service", "pk": 1, "fields": {"name": "Фронтенд", "icon": "bx bx-laptop", "description": "Разрабатываю удобные и красивые интерфейсы веб-приложений и мобильных приложений."}}, {"model": "portfolio.service", "pk": 2, "fields": {"name": "Шаблоны и темы", "icon": "bx bx-edit", "description": "Создаю оригинальные, стильные, уникальные макеты и шаблоны для веб-сайтов и мобильных приложений."}}, {"model": "portfolio.service", "pk": 3, "fields": {"name": "Макеты приложений", "icon": "bx bx-palette", "description": "Делаю интерактивные прототипы для современных и эффективных веб-сайтов и мобильных приложений."}}, {"model": "portfolio.service", "pk": 4, "fields": {"name": "Мобильная разработка", "icon": "bx bx-devices", "description": "Пишу с нуля и поддерживаю готовые мобильные приложения и игры с адаптивным дизайном для iOS и Android."}}, {"model": "portfolio.item", "pk": 1, "fields": {"name": "React", "service": 1}}, {"model": "portfolio.item", "pk": 2, "fields": {"name": "HTML", "service": 1}}, {"model": "portfolio.item", "pk": 3, "fields": {"name": "Vue", "service": 1}}, {"model": "portfolio.item", "pk": 4, "fields": {"name": "Angular", "service": 1}}, {"model": "portfolio.item", "pk": 5, "fields": {"name": "Bootstrap", "service": 1}}, {"model": "portfolio.item", "pk": 6, "fields": {"name": "JavaScript", "service": 1}}, {"model": "portfolio.item", "pk": 7, "fields": {"name": "Figma", "service": 2}}, {"model": "portfolio.item", "pk": 8, "fields": {"name": "Foundation", "service": 2}}, {"model": "portfolio.item", "pk": 9, "fields": {"name": "Photoshop", "service": 2}}, {"model": "portfolio.item", "pk": 10, "fields": {"name": "Canva", "service": 2}}, {"model": "portfolio.item", "pk": 11, "fields": {"name": "Illustrator", "service": 2}}, {"model": "portfolio.item", "pk": 12, "fields": {"name": "Material Design", "service": 2}}, {"model": "portfolio.item", "pk": 13, "fields": {"name": "Adobe XD", "service": 3}}, {"model": "portfolio.item", "pk": 14, "fields": {"name": "InVision", "service": 3}}, {"model": "portfolio.item", "pk": 15, "fields": {"name": "Balsamiq", "service": 3}}, {"model": "portfolio.item", "pk": 16, "fields": {"name": "Axure RP", "service": 3}}, {"model": "portfolio.item", "pk": 17, "fields": {"name": "Figma", "service": 3}}, {"model": "portfolio.item", "pk": 18, "fields": {"name": "Sketch", "service": 3}}, {"model": "portfolio.item", "pk": 19, "fields": {"name": "Swift", "service": 4}}, {"model": "portfolio.item", "pk": 20, "fields": {"name": "Kotlin", "service": 4}}, {"model": "portfolio.item", "pk": 21, "fields": {"name": "Java", "service": 4}}, {"model": "portfolio.item", "pk": 22, "fields": {"name": "React Native", "service": 4}}, {"model": "portfolio.item", "pk": 23, "fields": {"name": "Flutter", "service": 4}}, {"model": "portfolio.item", "pk": 24, "fields": {"name": "Ionic", "service": 4}}, {"model": "portfolio.author", "pk": 1, "fields": {"name": "Евгений", "lastname": "Хоменко", "about": "<p>Я фронтенд-разработчик и UX/UI-дизайнер с опытом работы более 5 лет. Имею степень бакалавра в области информатики и магистра в области дизайна пользовательского интерфейса.</p>\r\n<h2>Опыт работы</h2>\r\n<ul class=\"list-unstyled\">\r\n   <li><strong>Фронтенд-разработчик, ООО «Яндекс», 2018 – настоящее время</strong></li>\r\n   <ul class=\"list-unstyled mb-3\">\r\n      <li><span class='bx bx-chevron-right'></span>Разработка и поддержка веб-приложений и мобильных приложений</li>\r\n      <li><span class='bx bx-chevron-right'></span>Работа с фреймворками React, Vue.js и Angular</li>\r\n      <li><span class='bx bx-chevron-right'></span>Создание и оптимизация пользовательских интерфейсов</li>\r\n   </ul>\r\n   <li><strong>UX/UI-дизайнер, ООО «Мейл.ру», 2016-2018</strong></li>\r\n   <ul class=\"list-unstyled mb-3\">\r\n      <li><span class='bx bx-chevron-right'></span>Разработка концепций и прототипов пользовательских интерфейсов</li>\r\n      <li><span class='bx bx-chevron-right'></span>Проведение юзабилити-тестирований</li>\r\n      <li><span class='bx bx-chevron-right'></span>Работа с инструментами проектирования Figma и Sketch</li>\r\n   </ul>\r\n   <li><strong>Веб-дизайнер, «Студия Dr.Webb», 2014-2016</strong></li>\r\n   <ul class=\"list-unstyled mb-3\">\r\n      <li><span class='bx bx-chevron-right'></span>Разработка и создание веб-сайтов</li>\r\n      <li><span class='bx bx-chevron-right'></span>Работа с CMS WordPress и Joomla</li>\r\n      <li><span class='bx bx-chevron-right'></span>Оптимизация сайтов для поисковых систем</li>\r\n   </ul>\r\n</ul>\r\n<h2>Образование</h2>\r\n<ul class=\"list-unstyled\">\r\n   <li><span class='bx bxs-graduation me-2'></span>Магистр в области дизайна пользовательского интерфейса, Национальный исследовательский университет «Высшая школа экономики», 2018</li>\r\n   <li><span class='bx bxs-school me-2'></span>Бакалавр в области информатики, Московский государственный университет имени М.В. Ломоносова, 2016</li>\r\n</ul>\r\n<h2>Проекты</h2>\r\n<ul class=\"list-unstyled\">\r\n   <li><span class='bx bx-check'></span>Разработка и внедрение нового пользовательского интерфейса для веб-приложения «Яндекс.Почта»</li>\r\n   <li><span class='bx bx-check'></span>Разработка и запуск мобильного приложения «Мейл.ру Новости»</li>\r\n   <li><span class='bx bx-check'></span>Разработка и создание веб-сайта для компании «Роснефть»</li>\r\n</ul>\r\n<h2>Навыки</h2>\r\n<ul class=\"list-unstyled\">\r\n   <li><span class='bx bx-chevron-right'></span>Программирование на языках JavaScript, HTML, CSS</li>\r\n   <li><span class='bx bx-chevron-right'></span>Работа с фреймворками React, Vue.js и Angular</li>\r\n   <li><span class='bx bx-chevron-right'></span>Создание и оптимизация пользовательских интерфейсов</li>\r\n   <li><span class='bx bx-chevron-right'></span>Проведение юзабилити-тестирований</li>\r\n   <li><span class='bx bx-chevron-right'></span>Работа с инструментами проектирования Figma и Sketch</li>\r\n   <li><span class='bx bx-chevron-right'></span>Оптимизация сайтов для поисковых систем</li>\r\n</ul>\r\n<p>Являюсь активным участником сообщества разработчиков и дизайнеров. Регулярно посещаю конференции и митапы, выступаю с докладами и мастер-классами.</p", "image": "author/profile.jpg", "skills": [1, 2, 3, 4, 5, 6, 7, 8]}}, {"model": "portfolio.message", "pk": 8, "fields": {"name": "Zhenya Homenko", "email": "derzkie1994@gmail.com", "subject": "Подключение к shadowlands", "message": "ghj", "created_at": "2024-08-01T11:37:06.507Z"}}, {"model": "portfolio.message", "pk": 9, "fields": {"name": "фы", "email": "derzkie1994@gmail.com", "subject": "фыф", "message": "ыфыф", "created_at": "2024-08-04T18:02:15.656Z"}}, {"model": "portfolio.message", "pk": 10, "fields": {"name": "Zhenya Homenko", "email": "derzkie1994@gmail.com", "subject": "asas", "message": "as", "created_at": "2024-08-12T13:25:44.806Z"}}, {"model": "portfolio.testimony", "pk": 1, "fields": {"name": "Татьяна", "lastname": "Ларина", "image": "clients/customer1.jpg", "text": "Андрей - первоклассный специалист! Партнеры по бизнесу пришли в восторг от нового фронтенда."}}, {"model": "portfolio.testimony", "pk": 2, "fields": {"name": "Пьер", "lastname": "Безухов", "image": "clients/customer2.jpg", "text": "Мы обращались к Андрею за дизайном нового приложения под Андроид и остались довольны."}}, {"model": "portfolio.testimony", "pk": 3, "fields": {"name": "Родион", "lastname": "Раскольников", "image": "clients/client3.jpg", "text": "Посетителям нашего сайта очень понравился новый дизайн, сделанный Андреем."}}, {"model": "portfolio.testimony", "pk": 4, "fields": {"name": "Анна", "lastname": "Каренина", "image": "clients/client4.png", "text": "Меня приятно поразило не только качество работы, но и космическая скорость выполнения заказа."}}, {"model": "portfolio.testimony", "pk": 5, "fields": {"name": "Наташа", "lastname": "Ростова", "image": "clients/client5.png", "text": "Андрей сделал очень крутое приложение для нашей ветклиники - довольны и врачи, и пациенты."}}, {"model": "admin.logentry", "pk": 1, "fields": {"action_time": "2024-01-19T10:03:00.773Z", "user": 1, "content_type": 14, "object_id": "1", "object_repr": "Фронтенд", "action_flag": 1, "change_message": "[{\"added\": {}}]"}}, {"model": "admin.logentry", "pk": 2, "fields": {"action_time": "2024-01-19T10:03:28.605Z", "user": 1, "content_type": 14, "object_id": "2", "object_repr": "UX//UI дизайн", "action_flag": 1, "change_message": "[{\"added\": {}}]"}}, {"model": "admin.logentry", "pk": 3, "fields": {"action_time": "2024-01-19T10:03:51.728Z", "user": 1, "content_type": 14, "object_id": "2", "object_repr": "UX&UI дизайн", "action_flag": 2, "change_message": "[{\"changed\": {\"fields\": [\"Rusname\"]}}]"}}, {"model": "admin.logentry", "pk": 4, "fields": {"action_time": "2024-01-19T10:04:33.426Z", "user": 1, "content_type": 14, "object_id": "3", "object_repr": "Мобильные приложения", "action_flag": 1, "change_message": "[{\"added\": {}}]"}}, {"model": "admin.logentry", "pk": 5, "fields": {"action_time": "2024-01-19T10:04:48.362Z", "user": 1, "content_type": 14, "object_id": "2", "object_repr": "UX и UI дизайн", "action_flag": 2, "change_message": "[{\"changed\": {\"fields\": [\"Rusname\"]}}]"}}, {"model": "admin.logentry", "pk": 6, "fields": {"action_time": "2024-01-19T10:05:15.661Z", "user": 1, "content_type": 14, "object_id": "4", "object_repr": "Макеты", "action_flag": 1, "change_message": "[{\"added\": {}}]"}}, {"model": "admin.logentry", "pk": 7, "fields": {"action_time": "2024-01-19T10:05:39.169Z", "user": 1, "content_type": 14, "object_id": "5", "object_repr": "Шаблоны", "action_flag": 1, "change_message": "[{\"added\": {}}]"}}, {"model": "admin.logentry", "pk": 8, "fields": {"action_time": "2024-01-19T10:07:33.076Z", "user": 1, "content_type": 13, "object_id": "1", "object_repr": "Туристическое агентство", "action_flag": 1, "change_message": "[{\"added\": {}}]"}}, {"model": "admin.logentry", "pk": 9, "fields": {"action_time": "2024-01-19T10:09:47.409Z", "user": 1, "content_type": 13, "object_id": "2", "object_repr": "Сервис каршеринга", "action_flag": 1, "change_message": "[{\"added\": {}}]"}}, {"model": "admin.logentry", "pk": 10, "fields": {"action_time": "2024-01-19T10:10:38.507Z", "user": 1, "content_type": 8, "object_id": "1", "object_repr": "Testimony object (1)", "action_flag": 1, "change_message": "[{\"added\": {}}]"}}, {"model": "admin.logentry", "pk": 11, "fields": {"action_time": "2024-01-19T10:11:10.428Z", "user": 1, "content_type": 8, "object_id": "2", "object_repr": "Testimony object (2)", "action_flag": 1, "change_message": "[{\"added\": {}}]"}}, {"model": "admin.logentry", "pk": 12, "fields": {"action_time": "2024-01-19T10:12:57.440Z", "user": 1, "content_type": 10, "object_id": "1", "object_repr": "Service object (1)", "action_flag": 1, "change_message": "[{\"added\": {}}, {\"added\": {\"name\": \"item\", \"object\": \"React\"}}, {\"added\": {\"name\": \"item\", \"object\": \"HTML\"}}, {\"added\": {\"name\": \"item\", \"object\": \"Vue\"}}]"}}, {"model": "admin.logentry", "pk": 13, "fields": {"action_time": "2024-01-19T10:53:22.389Z", "user": 1, "content_type": 8, "object_id": "1", "object_repr": "Testimony object (1)", "action_flag": 2, "change_message": "[{\"changed\": {\"fields\": [\"Image\"]}}]"}}, {"model": "admin.logentry", "pk": 14, "fields": {"action_time": "2024-01-19T11:13:25.811Z", "user": 1, "content_type": 8, "object_id": "2", "object_repr": "Testimony object (2)", "action_flag": 2, "change_message": "[{\"changed\": {\"fields\": [\"Image\"]}}]"}}, {"model": "admin.logentry", "pk": 15, "fields": {"action_time": "2024-01-19T11:17:14.178Z", "user": 1, "content_type": 10, "object_id": "1", "object_repr": "Фронтенд", "action_flag": 2, "change_message": "[{\"changed\": {\"fields\": [\"Icon\"]}}]"}}, {"model": "admin.logentry", "pk": 16, "fields": {"action_time": "2024-01-19T18:41:39.069Z", "user": 1, "content_type": 13, "object_id": "2", "object_repr": "Автосалон", "action_flag": 2, "change_message": "[{\"changed\": {\"fields\": [\"Title\", \"Slug\", \"Image\"]}}]"}}, {"model": "admin.logentry", "pk": 17, "fields": {"action_time": "2024-01-19T18:43:33.243Z", "user": 1, "content_type": 13, "object_id": "2", "object_repr": "Прокат автомобилей", "action_flag": 2, "change_message": "[{\"changed\": {\"fields\": [\"Title\", \"Slug\"]}}]"}}, {"model": "admin.logentry", "pk": 18, "fields": {"action_time": "2024-01-19T18:43:54.548Z", "user": 1, "content_type": 13, "object_id": "1", "object_repr": "Туристическое агентство", "action_flag": 2, "change_message": "[{\"changed\": {\"fields\": [\"Image\"]}}]"}}, {"model": "admin.logentry", "pk": 19, "fields": {"action_time": "2024-01-19T19:29:09.233Z", "user": 1, "content_type": 13, "object_id": "3", "object_repr": "Ветеринарная клиника", "action_flag": 1, "change_message": "[{\"added\": {}}]"}}, {"model": "admin.logentry", "pk": 20, "fields": {"action_time": "2024-01-19T22:44:22.544Z", "user": 1, "content_type": 13, "object_id": "4", "object_repr": "Шаблоны врб-приложения", "action_flag": 1, "change_message": "[{\"added\": {}}]"}}, {"model": "admin.logentry", "pk": 21, "fields": {"action_time": "2024-01-19T22:56:36.615Z", "user": 1, "content_type": 13, "object_id": "5", "object_repr": "Music", "action_flag": 1, "change_message": "[{\"added\": {}}]"}}, {"model": "admin.logentry", "pk": 22, "fields": {"action_time": "2024-01-20T13:43:44.749Z", "user": 1, "content_type": 14, "object_id": "3", "object_repr": "Android и iOS", "action_flag": 2, "change_message": "[{\"changed\": {\"fields\": [\"Rusname\"]}}]"}}, {"model": "admin.logentry", "pk": 23, "fields": {"action_time": "2024-01-20T13:44:10.623Z", "user": 1, "content_type": 14, "object_id": "2", "object_repr": "UX и UI", "action_flag": 2, "change_message": "[{\"changed\": {\"fields\": [\"Rusname\"]}}]"}}, {"model": "admin.logentry", "pk": 24, "fields": {"action_time": "2024-01-20T13:53:26.901Z", "user": 1, "content_type": 12, "object_id": "1", "object_repr": "JavaSript", "action_flag": 1, "change_message": "[{\"added\": {}}]"}}, {"model": "admin.logentry", "pk": 25, "fields": {"action_time": "2024-01-20T13:53:47.688Z", "user": 1, "content_type": 12, "object_id": "2", "object_repr": "Node.js", "action_flag": 1, "change_message": "[{\"added\": {}}]"}}, {"model": "admin.logentry", "pk": 26, "fields": {"action_time": "2024-01-20T13:54:03.513Z", "user": 1, "content_type": 12, "object_id": "3", "object_repr": "HTML", "action_flag": 1, "change_message": "[{\"added\": {}}]"}}, {"model": "admin.logentry", "pk": 27, "fields": {"action_time": "2024-01-20T13:54:13.232Z", "user": 1, "content_type": 12, "object_id": "4", "object_repr": "CSS", "action_flag": 1, "change_message": "[{\"added\": {}}]"}}, {"model": "admin.logentry", "pk": 28, "fields": {"action_time": "2024-01-20T13:54:26.030Z", "user": 1, "content_type": 12, "object_id": "5", "object_repr": "React", "action_flag": 1, "change_message": "[{\"added\": {}}]"}}, {"model": "admin.logentry", "pk": 29, "fields": {"action_time": "2024-01-20T13:54:39.150Z", "user": 1, "content_type": 12, "object_id": "6", "object_repr": "Vue", "action_flag": 1, "change_message": "[{\"added\": {}}]"}}, {"model": "admin.logentry", "pk": 30, "fields": {"action_time": "2024-01-20T13:57:11.986Z", "user": 1, "content_type": 11, "object_id": "1", "object_repr": "Андрей Болконский", "action_flag": 1, "change_message": "[{\"added\": {}}]"}}, {"model": "admin.logentry", "pk": 31, "fields": {"action_time": "2024-01-20T13:58:22.530Z", "user": 1, "content_type": 11, "object_id": "1", "object_repr": "Андрей Болконский", "action_flag": 2, "change_message": "[{\"changed\": {\"fields\": [\"Skills\"]}}]"}}, {"model": "admin.logentry", "pk": 32, "fields": {"action_time": "2024-01-20T14:45:14.948Z", "user": 1, "content_type": 11, "object_id": "1", "object_repr": "Андрей Болконский", "action_flag": 2, "change_message": "[{\"changed\": {\"fields\": [\"About\"]}}]"}}, {"model": "admin.logentry", "pk": 33, "fields": {"action_time": "2024-01-20T14:47:29.518Z", "user": 1, "content_type": 11, "object_id": "1", "object_repr": "Андрей Болконский", "action_flag": 2, "change_message": "[{\"changed\": {\"fields\": [\"About\"]}}]"}}, {"model": "admin.logentry", "pk": 34, "fields": {"action_time": "2024-01-20T14:48:32.621Z", "user": 1, "content_type": 11, "object_id": "1", "object_repr": "Андрей Болконский", "action_flag": 2, "change_message": "[{\"changed\": {\"fields\": [\"About\"]}}]"}}, {"model": "admin.logentry", "pk": 35, "fields": {"action_time": "2024-01-20T14:51:16.587Z", "user": 1, "content_type": 11, "object_id": "1", "object_repr": "Андрей Болконский", "action_flag": 2, "change_message": "[{\"changed\": {\"fields\": [\"About\"]}}]"}}, {"model": "admin.logentry", "pk": 36, "fields": {"action_time": "2024-01-20T14:52:13.750Z", "user": 1, "content_type": 11, "object_id": "1", "object_repr": "Андрей Болконский", "action_flag": 2, "change_message": "[{\"changed\": {\"fields\": [\"About\"]}}]"}}, {"model": "admin.logentry", "pk": 37, "fields": {"action_time": "2024-01-20T14:55:05.707Z", "user": 1, "content_type": 11, "object_id": "1", "object_repr": "Андрей Болконский", "action_flag": 2, "change_message": "[{\"changed\": {\"fields\": [\"About\"]}}]"}}, {"model": "admin.logentry", "pk": 38, "fields": {"action_time": "2024-01-20T14:58:41.048Z", "user": 1, "content_type": 11, "object_id": "1", "object_repr": "Андрей Болконский", "action_flag": 2, "change_message": "[{\"changed\": {\"fields\": [\"About\"]}}]"}}, {"model": "admin.logentry", "pk": 39, "fields": {"action_time": "2024-01-20T15:02:18.212Z", "user": 1, "content_type": 11, "object_id": "1", "object_repr": "Андрей Болконский", "action_flag": 2, "change_message": "[{\"changed\": {\"fields\": [\"About\"]}}]"}}, {"model": "admin.logentry", "pk": 40, "fields": {"action_time": "2024-01-20T15:02:34.387Z", "user": 1, "content_type": 11, "object_id": "1", "object_repr": "Андрей Болконский", "action_flag": 2, "change_message": "[]"}}, {"model": "admin.logentry", "pk": 41, "fields": {"action_time": "2024-01-20T15:04:37.862Z", "user": 1, "content_type": 11, "object_id": "1", "object_repr": "Андрей Болконский", "action_flag": 2, "change_message": "[{\"changed\": {\"fields\": [\"About\"]}}]"}}, {"model": "admin.logentry", "pk": 42, "fields": {"action_time": "2024-01-20T15:06:30.406Z", "user": 1, "content_type": 11, "object_id": "1", "object_repr": "Андрей Болконский", "action_flag": 2, "change_message": "[{\"changed\": {\"fields\": [\"About\"]}}]"}}, {"model": "admin.logentry", "pk": 43, "fields": {"action_time": "2024-01-20T15:07:00.751Z", "user": 1, "content_type": 11, "object_id": "1", "object_repr": "Андрей Болконский", "action_flag": 2, "change_message": "[{\"changed\": {\"fields\": [\"About\"]}}]"}}, {"model": "admin.logentry", "pk": 44, "fields": {"action_time": "2024-01-20T15:09:10.811Z", "user": 1, "content_type": 12, "object_id": "7", "object_repr": "Angular", "action_flag": 1, "change_message": "[{\"added\": {}}]"}}, {"model": "admin.logentry", "pk": 45, "fields": {"action_time": "2024-01-20T15:09:26.841Z", "user": 1, "content_type": 12, "object_id": "8", "object_repr": "Bootstrap", "action_flag": 1, "change_message": "[{\"added\": {}}]"}}, {"model": "admin.logentry", "pk": 46, "fields": {"action_time": "2024-01-20T15:09:54.739Z", "user": 1, "content_type": 11, "object_id": "1", "object_repr": "Андрей Болконский", "action_flag": 2, "change_message": "[{\"changed\": {\"fields\": [\"Skills\"]}}]"}}, {"model": "admin.logentry", "pk": 47, "fields": {"action_time": "2024-01-20T15:14:09.385Z", "user": 1, "content_type": 10, "object_id": "1", "object_repr": "Фронтенд", "action_flag": 2, "change_message": "[{\"added\": {\"name\": \"\\u0418\\u043d\\u0441\\u0442\\u0440\\u0443\\u043c\\u0435\\u043d\\u0442\", \"object\": \"Angular\"}}, {\"added\": {\"name\": \"\\u0418\\u043d\\u0441\\u0442\\u0440\\u0443\\u043c\\u0435\\u043d\\u0442\", \"object\": \"Bootstrap\"}}, {\"added\": {\"name\": \"\\u0418\\u043d\\u0441\\u0442\\u0440\\u0443\\u043c\\u0435\\u043d\\u0442\", \"object\": \"JavaScript\"}}]"}}, {"model": "admin.logentry", "pk": 48, "fields": {"action_time": "2024-01-20T15:17:30.078Z", "user": 1, "content_type": 10, "object_id": "2", "object_repr": "Шаблоны", "action_flag": 1, "change_message": "[{\"added\": {}}, {\"added\": {\"name\": \"\\u0418\\u043d\\u0441\\u0442\\u0440\\u0443\\u043c\\u0435\\u043d\\u0442\", \"object\": \"Figma\"}}, {\"added\": {\"name\": \"\\u0418\\u043d\\u0441\\u0442\\u0440\\u0443\\u043c\\u0435\\u043d\\u0442\", \"object\": \"SketchPro\"}}, {\"added\": {\"name\": \"\\u0418\\u043d\\u0441\\u0442\\u0440\\u0443\\u043c\\u0435\\u043d\\u0442\", \"object\": \"Photoshop\"}}, {\"added\": {\"name\": \"\\u0418\\u043d\\u0441\\u0442\\u0440\\u0443\\u043c\\u0435\\u043d\\u0442\", \"object\": \"Canva\"}}, {\"added\": {\"name\": \"\\u0418\\u043d\\u0441\\u0442\\u0440\\u0443\\u043c\\u0435\\u043d\\u0442\", \"object\": \"Illustrator\"}}, {\"added\": {\"name\": \"\\u0418\\u043d\\u0441\\u0442\\u0440\\u0443\\u043c\\u0435\\u043d\\u0442\", \"object\": \"MagixPro\"}}]"}}, {"model": "admin.logentry", "pk": 49, "fields": {"action_time": "2024-01-20T15:18:37.198Z", "user": 1, "content_type": 10, "object_id": "1", "object_repr": "Фронтенд", "action_flag": 2, "change_message": "[{\"changed\": {\"fields\": [\"Description\"]}}]"}}, {"model": "admin.logentry", "pk": 50, "fields": {"action_time": "2024-01-20T15:20:48.824Z", "user": 1, "content_type": 10, "object_id": "2", "object_repr": "Шаблоны", "action_flag": 2, "change_message": "[{\"changed\": {\"fields\": [\"Description\"]}}, {\"changed\": {\"name\": \"\\u0418\\u043d\\u0441\\u0442\\u0440\\u0443\\u043c\\u0435\\u043d\\u0442\", \"object\": \"Material Design\", \"fields\": [\"Name\"]}}, {\"changed\": {\"name\": \"\\u0418\\u043d\\u0441\\u0442\\u0440\\u0443\\u043c\\u0435\\u043d\\u0442\", \"object\": \"Foundation\", \"fields\": [\"Name\"]}}]"}}, {"model": "admin.logentry", "pk": 51, "fields": {"action_time": "2024-01-20T15:21:51.000Z", "user": 1, "content_type": 10, "object_id": "1", "object_repr": "Фронтенд", "action_flag": 2, "change_message": "[{\"changed\": {\"fields\": [\"Description\"]}}]"}}, {"model": "admin.logentry", "pk": 52, "fields": {"action_time": "2024-01-20T15:25:16.301Z", "user": 1, "content_type": 10, "object_id": "3", "object_repr": "Макеты", "action_flag": 1, "change_message": "[{\"added\": {}}, {\"added\": {\"name\": \"\\u0418\\u043d\\u0441\\u0442\\u0440\\u0443\\u043c\\u0435\\u043d\\u0442\", \"object\": \"Adobe XD\"}}, {\"added\": {\"name\": \"\\u0418\\u043d\\u0441\\u0442\\u0440\\u0443\\u043c\\u0435\\u043d\\u0442\", \"object\": \"InVision\"}}, {\"added\": {\"name\": \"\\u0418\\u043d\\u0441\\u0442\\u0440\\u0443\\u043c\\u0435\\u043d\\u0442\", \"object\": \"Balsamiq\"}}, {\"added\": {\"name\": \"\\u0418\\u043d\\u0441\\u0442\\u0440\\u0443\\u043c\\u0435\\u043d\\u0442\", \"object\": \"Axure RP\"}}, {\"added\": {\"name\": \"\\u0418\\u043d\\u0441\\u0442\\u0440\\u0443\\u043c\\u0435\\u043d\\u0442\", \"object\": \"Figma\"}}, {\"added\": {\"name\": \"\\u0418\\u043d\\u0441\\u0442\\u0440\\u0443\\u043c\\u0435\\u043d\\u0442\", \"object\": \"Sketch\"}}]"}}, {"model": "admin.logentry", "pk": 53, "fields": {"action_time": "2024-01-20T15:31:52.241Z", "user": 1, "content_type": 10, "object_id": "4", "object_repr": "Мобильная разработка", "action_flag": 1, "change_message": "[{\"added\": {}}, {\"added\": {\"name\": \"\\u0418\\u043d\\u0441\\u0442\\u0440\\u0443\\u043c\\u0435\\u043d\\u0442\", \"object\": \"Swift\"}}, {\"added\": {\"name\": \"\\u0418\\u043d\\u0441\\u0442\\u0440\\u0443\\u043c\\u0435\\u043d\\u0442\", \"object\": \"Kotlin\"}}, {\"added\": {\"name\": \"\\u0418\\u043d\\u0441\\u0442\\u0440\\u0443\\u043c\\u0435\\u043d\\u0442\", \"object\": \"Java\"}}, {\"added\": {\"name\": \"\\u0418\\u043d\\u0441\\u0442\\u0440\\u0443\\u043c\\u0435\\u043d\\u0442\", \"object\": \"React Native\"}}, {\"added\": {\"name\": \"\\u0418\\u043d\\u0441\\u0442\\u0440\\u0443\\u043c\\u0435\\u043d\\u0442\", \"object\": \"Flutter\"}}, {\"added\": {\"name\": \"\\u0418\\u043d\\u0441\\u0442\\u0440\\u0443\\u043c\\u0435\\u043d\\u0442\", \"object\": \"Ionic\"}}]"}}, {"model": "admin.logentry", "pk": 54, "fields": {"action_time": "2024-01-20T15:32:52.297Z", "user": 1, "content_type": 10, "object_id": "4", "object_repr": "Мобильная разработка", "action_flag": 2, "change_message": "[{\"changed\": {\"fields\": [\"Description\"]}}]"}}, {"model": "admin.logentry", "pk": 55, "fields": {"action_time": "2024-01-20T15:33:22.879Z", "user": 1, "content_type": 10, "object_id": "4", "object_repr": "Мобильная разработка", "action_flag": 2, "change_message": "[{\"changed\": {\"fields\": [\"Description\"]}}]"}}, {"model": "admin.logentry", "pk": 56, "fields": {"action_time": "2024-01-20T15:33:36.554Z", "user": 1, "content_type": 10, "object_id": "3", "object_repr": "Макеты приложений", "action_flag": 2, "change_message": "[{\"changed\": {\"fields\": [\"Name\"]}}]"}}, {"model": "admin.logentry", "pk": 57, "fields": {"action_time": "2024-01-20T15:33:44.683Z", "user": 1, "content_type": 10, "object_id": "2", "object_repr": "Шаблоны и темы", "action_flag": 2, "change_message": "[{\"changed\": {\"fields\": [\"Name\"]}}]"}}, {"model": "admin.logentry", "pk": 58, "fields": {"action_time": "2024-01-20T15:36:10.838Z", "user": 1, "content_type": 11, "object_id": "1", "object_repr": "Андрей Болконский", "action_flag": 2, "change_message": "[{\"changed\": {\"fields\": [\"About\"]}}]"}}, {"model": "admin.logentry", "pk": 59, "fields": {"action_time": "2024-01-20T19:24:36.130Z", "user": 1, "content_type": 13, "object_id": "4", "object_repr": "Шаблоны веб-приложения", "action_flag": 2, "change_message": "[{\"changed\": {\"fields\": [\"Title\", \"Stack\"]}}]"}}, {"model": "admin.logentry", "pk": 60, "fields": {"action_time": "2024-01-21T10:37:28.068Z", "user": 1, "content_type": 13, "object_id": "5", "object_repr": "Music", "action_flag": 2, "change_message": "[{\"changed\": {\"fields\": [\"Image\"]}}]"}}, {"model": "admin.logentry", "pk": 61, "fields": {"action_time": "2024-01-21T10:37:38.683Z", "user": 1, "content_type": 13, "object_id": "4", "object_repr": "Шаблоны веб-приложения", "action_flag": 2, "change_message": "[{\"changed\": {\"fields\": [\"Image\"]}}]"}}, {"model": "admin.logentry", "pk": 62, "fields": {"action_time": "2024-01-21T10:37:59.377Z", "user": 1, "content_type": 13, "object_id": "3", "object_repr": "Ветеринарная клиника", "action_flag": 2, "change_message": "[{\"changed\": {\"fields\": [\"Image\"]}}]"}}, {"model": "admin.logentry", "pk": 63, "fields": {"action_time": "2024-01-21T10:47:23.191Z", "user": 1, "content_type": 8, "object_id": "3", "object_repr": "Родион Раскольников", "action_flag": 1, "change_message": "[{\"added\": {}}]"}}, {"model": "admin.logentry", "pk": 64, "fields": {"action_time": "2024-01-21T10:48:34.358Z", "user": 1, "content_type": 8, "object_id": "2", "object_repr": "Пьер Безухов", "action_flag": 2, "change_message": "[{\"changed\": {\"fields\": [\"Text\"]}}]"}}, {"model": "admin.logentry", "pk": 65, "fields": {"action_time": "2024-01-21T10:49:43.805Z", "user": 1, "content_type": 8, "object_id": "1", "object_repr": "Татьяна Ларина", "action_flag": 2, "change_message": "[{\"changed\": {\"fields\": [\"Text\"]}}]"}}, {"model": "admin.logentry", "pk": 66, "fields": {"action_time": "2024-01-21T10:53:09.139Z", "user": 1, "content_type": 8, "object_id": "4", "object_repr": "Анна Каренина", "action_flag": 1, "change_message": "[{\"added\": {}}]"}}, {"model": "admin.logentry", "pk": 67, "fields": {"action_time": "2024-01-21T10:53:30.889Z", "user": 1, "content_type": 8, "object_id": "4", "object_repr": "Анна Каренина", "action_flag": 2, "change_message": "[{\"changed\": {\"fields\": [\"Text\"]}}]"}}, {"model": "admin.logentry", "pk": 68, "fields": {"action_time": "2024-01-21T10:57:35.265Z", "user": 1, "content_type": 8, "object_id": "5", "object_repr": "Наташа Ростова", "action_flag": 1, "change_message": "[{\"added\": {}}]"}}, {"model": "admin.logentry", "pk": 69, "fields": {"action_time": "2024-01-21T11:12:28.316Z", "user": 1, "content_type": 13, "object_id": "5", "object_repr": "Music", "action_flag": 2, "change_message": "[{\"changed\": {\"fields\": [\"Image\"]}}]"}}, {"model": "admin.logentry", "pk": 70, "fields": {"action_time": "2024-01-21T11:12:36.137Z", "user": 1, "content_type": 13, "object_id": "4", "object_repr": "Шаблоны веб-приложения", "action_flag": 2, "change_message": "[{\"changed\": {\"fields\": [\"Image\"]}}]"}}, {"model": "admin.logentry", "pk": 71, "fields": {"action_time": "2024-01-21T11:12:44.227Z", "user": 1, "content_type": 13, "object_id": "3", "object_repr": "Ветеринарная клиника", "action_flag": 2, "change_message": "[{\"changed\": {\"fields\": [\"Image\"]}}]"}}, {"model": "admin.logentry", "pk": 72, "fields": {"action_time": "2024-01-21T11:12:54.325Z", "user": 1, "content_type": 13, "object_id": "2", "object_repr": "Прокат автомобилей", "action_flag": 2, "change_message": "[{\"changed\": {\"fields\": [\"Image\"]}}]"}}, {"model": "admin.logentry", "pk": 73, "fields": {"action_time": "2024-01-21T11:13:13.507Z", "user": 1, "content_type": 13, "object_id": "1", "object_repr": "Туристическое агентство", "action_flag": 2, "change_message": "[{\"changed\": {\"fields\": [\"Category\", \"Image\"]}}]"}}, {"model": "admin.logentry", "pk": 74, "fields": {"action_time": "2024-01-21T11:13:56.891Z", "user": 1, "content_type": 13, "object_id": "6", "object_repr": "Rabota", "action_flag": 1, "change_message": "[{\"added\": {}}]"}}, {"model": "admin.logentry", "pk": 75, "fields": {"action_time": "2024-01-21T11:14:33.782Z", "user": 1, "content_type": 13, "object_id": "7", "object_repr": "abota7", "action_flag": 1, "change_message": "[{\"added\": {}}]"}}, {"model": "admin.logentry", "pk": 76, "fields": {"action_time": "2024-01-21T11:15:08.352Z", "user": 1, "content_type": 13, "object_id": "8", "object_repr": "rabota8", "action_flag": 1, "change_message": "[{\"added\": {}}]"}}, {"model": "admin.logentry", "pk": 77, "fields": {"action_time": "2024-01-21T11:15:38.461Z", "user": 1, "content_type": 13, "object_id": "9", "object_repr": "rab9", "action_flag": 1, "change_message": "[{\"added\": {}}]"}}, {"model": "admin.logentry", "pk": 78, "fields": {"action_time": "2024-01-21T11:38:00.708Z", "user": 1, "content_type": 13, "object_id": "2", "object_repr": "Прокат автомобилей", "action_flag": 2, "change_message": "[{\"changed\": {\"fields\": [\"Category\", \"Stack\"]}}]"}}, {"model": "admin.logentry", "pk": 79, "fields": {"action_time": "2024-01-21T11:41:12.359Z", "user": 1, "content_type": 13, "object_id": "9", "object_repr": "Трекинг проектов", "action_flag": 2, "change_message": "[{\"changed\": {\"fields\": [\"Title\", \"Slug\", \"Description\", \"Stack\"]}}]"}}, {"model": "admin.logentry", "pk": 80, "fields": {"action_time": "2024-01-21T11:47:06.747Z", "user": 1, "content_type": 13, "object_id": "9", "object_repr": "Трекинг проектов", "action_flag": 2, "change_message": "[{\"changed\": {\"fields\": [\"Description\"]}}]"}}, {"model": "admin.logentry", "pk": 81, "fields": {"action_time": "2024-01-21T11:48:07.404Z", "user": 1, "content_type": 13, "object_id": "9", "object_repr": "Трекинг проектов", "action_flag": 2, "change_message": "[{\"changed\": {\"fields\": [\"Description\"]}}]"}}, {"model": "admin.logentry", "pk": 82, "fields": {"action_time": "2024-01-21T11:48:36.565Z", "user": 1, "content_type": 13, "object_id": "9", "object_repr": "Трекинг проектов", "action_flag": 2, "change_message": "[{\"changed\": {\"fields\": [\"Description\"]}}]"}}, {"model": "admin.logentry", "pk": 83, "fields": {"action_time": "2024-01-21T11:54:00.457Z", "user": 1, "content_type": 13, "object_id": "1", "object_repr": "Интерфейс приложения", "action_flag": 2, "change_message": "[{\"changed\": {\"fields\": [\"Title\", \"Slug\", \"Description\", \"Stack\"]}}]"}}, {"model": "admin.logentry", "pk": 84, "fields": {"action_time": "2024-01-21T11:54:55.032Z", "user": 1, "content_type": 13, "object_id": "1", "object_repr": "Интерфейс приложения", "action_flag": 2, "change_message": "[{\"changed\": {\"fields\": [\"Description\"]}}]"}}, {"model": "admin.logentry", "pk": 85, "fields": {"action_time": "2024-01-21T11:57:42.033Z", "user": 1, "content_type": 13, "object_id": "6", "object_repr": "Элементы интерфейса", "action_flag": 2, "change_message": "[{\"changed\": {\"fields\": [\"Title\", \"Slug\", \"Description\", \"Stack\"]}}]"}}, {"model": "admin.logentry", "pk": 86, "fields": {"action_time": "2024-01-21T12:01:43.804Z", "user": 1, "content_type": 13, "object_id": "5", "object_repr": "UX/UI для суши-ресторана", "action_flag": 2, "change_message": "[{\"changed\": {\"fields\": [\"Title\", \"Slug\", \"Description\", \"Stack\"]}}]"}}, {"model": "admin.logentry", "pk": 87, "fields": {"action_time": "2024-01-21T12:04:24.310Z", "user": 1, "content_type": 13, "object_id": "3", "object_repr": "Ветеринарная клиника", "action_flag": 2, "change_message": "[{\"changed\": {\"fields\": [\"Stack\"]}}]"}}, {"model": "admin.logentry", "pk": 88, "fields": {"action_time": "2024-01-21T12:06:37.693Z", "user": 1, "content_type": 13, "object_id": "3", "object_repr": "Сайт блогера", "action_flag": 2, "change_message": "[{\"changed\": {\"fields\": [\"Title\", \"Slug\", \"Category\", \"Description\"]}}]"}}, {"model": "admin.logentry", "pk": 89, "fields": {"action_time": "2024-01-21T12:07:41.419Z", "user": 1, "content_type": 13, "object_id": "3", "object_repr": "Сайт блогера", "action_flag": 2, "change_message": "[{\"changed\": {\"fields\": [\"Description\"]}}]"}}, {"model": "admin.logentry", "pk": 90, "fields": {"action_time": "2024-01-21T12:10:37.037Z", "user": 1, "content_type": 13, "object_id": "8", "object_repr": "Интерьерный дизайн", "action_flag": 2, "change_message": "[{\"changed\": {\"fields\": [\"Title\", \"Slug\", \"Description\", \"Stack\"]}}]"}}, {"model": "admin.logentry", "pk": 91, "fields": {"action_time": "2024-01-21T12:13:12.065Z", "user": 1, "content_type": 13, "object_id": "2", "object_repr": "Прокат автомобилей", "action_flag": 2, "change_message": "[{\"changed\": {\"fields\": [\"Description\", \"Stack\"]}}]"}}, {"model": "admin.logentry", "pk": 92, "fields": {"action_time": "2024-01-21T12:13:25.697Z", "user": 1, "content_type": 13, "object_id": "2", "object_repr": "Прокат автомобилей", "action_flag": 2, "change_message": "[{\"changed\": {\"fields\": [\"Category\"]}}]"}}, {"model": "admin.logentry", "pk": 93, "fields": {"action_time": "2024-01-21T12:17:28.408Z", "user": 1, "content_type": 13, "object_id": "7", "object_repr": "Креативное агентство", "action_flag": 2, "change_message": "[{\"changed\": {\"fields\": [\"Title\", \"Slug\", \"Description\", \"Stack\"]}}]"}}, {"model": "admin.logentry", "pk": 94, "fields": {"action_time": "2024-01-21T12:25:31.622Z", "user": 1, "content_type": 13, "object_id": "4", "object_repr": "Шаблоны Android-приложения", "action_flag": 2, "change_message": "[{\"changed\": {\"fields\": [\"Title\", \"Slug\", \"Description\", \"Stack\"]}}]"}}, {"model": "admin.logentry", "pk": 95, "fields": {"action_time": "2024-01-21T12:26:25.331Z", "user": 1, "content_type": 13, "object_id": "9", "object_repr": "Трекинг проектов", "action_flag": 2, "change_message": "[{\"changed\": {\"fields\": [\"Description\"]}}]"}}, {"model": "admin.logentry", "pk": 96, "fields": {"action_time": "2024-01-21T12:26:40.071Z", "user": 1, "content_type": 13, "object_id": "6", "object_repr": "Элементы интерфейса", "action_flag": 2, "change_message": "[{\"changed\": {\"fields\": [\"Description\"]}}]"}}, {"model": "admin.logentry", "pk": 97, "fields": {"action_time": "2024-01-21T12:26:48.513Z", "user": 1, "content_type": 13, "object_id": "5", "object_repr": "UX/UI для суши-ресторана", "action_flag": 2, "change_message": "[{\"changed\": {\"fields\": [\"Description\"]}}]"}}, {"model": "admin.logentry", "pk": 98, "fields": {"action_time": "2024-01-21T12:27:10.009Z", "user": 1, "content_type": 13, "object_id": "1", "object_repr": "Интерфейс приложения", "action_flag": 2, "change_message": "[{\"changed\": {\"fields\": [\"Description\"]}}]"}}, {"model": "admin.logentry", "pk": 99, "fields": {"action_time": "2024-01-21T12:49:43.747Z", "user": 1, "content_type": 7, "object_id": "7", "object_repr": "Сообщение от Busya Gudmundsdottir: Привет", "action_flag": 3, "change_message": ""}}, {"model": "admin.logentry", "pk": 100, "fields": {"action_time": "2024-01-21T12:49:43.760Z", "user": 1, "content_type": 7, "object_id": "6", "object_repr": "Сообщение от In the beginning: fdsfsdf", "action_flag": 3, "change_message": ""}}, {"model": "admin.logentry", "pk": 101, "fields": {"action_time": "2024-01-21T12:49:43.770Z", "user": 1, "content_type": 7, "object_id": "5", "object_repr": "Сообщение от Moonlite: subtitless", "action_flag": 3, "change_message": ""}}, {"model": "admin.logentry", "pk": 102, "fields": {"action_time": "2024-01-21T12:49:43.779Z", "user": 1, "content_type": 7, "object_id": "4", "object_repr": "Сообщение от Busya Gudmundsdottir: Привет", "action_flag": 3, "change_message": ""}}, {"model": "admin.logentry", "pk": 103, "fields": {"action_time": "2024-01-21T12:49:43.789Z", "user": 1, "content_type": 7, "object_id": "3", "object_repr": "Сообщение от Busya Gudmundsdottir: Привет", "action_flag": 3, "change_message": ""}}, {"model": "admin.logentry", "pk": 104, "fields": {"action_time": "2024-01-21T12:49:43.799Z", "user": 1, "content_type": 7, "object_id": "2", "object_repr": "Сообщение от Муся: Привет от Муси", "action_flag": 3, "change_message": ""}}, {"model": "admin.logentry", "pk": 105, "fields": {"action_time": "2024-01-21T12:49:43.808Z", "user": 1, "content_type": 7, "object_id": "1", "object_repr": "Сообщение от Busya Gudmundsdottir: Привет", "action_flag": 3, "change_message": ""}}, {"model": "admin.logentry", "pk": 106, "fields": {"action_time": "2024-07-31T19:52:20.041Z", "user": 2, "content_type": 11, "object_id": "1", "object_repr": "Евгений Хоменко", "action_flag": 2, "change_message": "[{\"changed\": {\"fields\": [\"Name\", \"Lastname\"]}}]"}}, {"model": "auth.permission", "pk": 1, "fields": {"name": "Can add log entry", "content_type": 1, "codename": "add_logentry"}}, {"model": "auth.permission", "pk": 2, "fields": {"name": "Can change log entry", "content_type": 1, "codename": "change_logentry"}}, {"model": "auth.permission", "pk": 3, "fields": {"name": "Can delete log entry", "content_type": 1, "codename": "delete_logentry"}}, {"model": "auth.permission", "pk": 4, "fields": {"name": "Can view log entry", "content_type": 1, "codename": "view_logentry"}}, {"model": "auth.permission", "pk": 5, "fields": {"name": "Can add permission", "content_type": 2, "codename": "add_permission"}}, {"model": "auth.permission", "pk": 6, "fields": {"name": "Can change permission", "content_type": 2, "codename": "change_permission"}}, {"model": "auth.permission", "pk": 7, "fields": {"name": "Can delete permission", "content_type": 2, "codename": "delete_permission"}}, {"model": "auth.permission", "pk": 8, "fields": {"name": "Can view permission", "content_type": 2, "codename": "view_permission"}}, {"model": "auth.permission", "pk": 9, "fields": {"name": "Can add group", "content_type": 3, "codename": "add_group"}}, {"model": "auth.permission", "pk": 10, "fields": {"name": "Can change group", "content_type": 3, "codename": "change_group"}}, {"model": "auth.permission", "pk": 11, "fields": {"name": "Can delete group", "content_type": 3, "codename": "delete_group"}}, {"model": "auth.permission", "pk": 12, "fields": {"name": "Can view group", "content_type": 3, "codename": "view_group"}}, {"model": "auth.permission", "pk": 13, "fields": {"name": "Can add user", "content_type": 4, "codename": "add_user"}}, {"model": "auth.permission", "pk": 14, "fields": {"name": "Can change user", "content_type": 4, "codename": "change_user"}}, {"model": "auth.permission", "pk": 15, "fields": {"name": "Can delete user", "content_type": 4, "codename": "delete_user"}}, {"model": "auth.permission", "pk": 16, "fields": {"name": "Can view user", "content_type": 4, "codename": "view_user"}}, {"model": "auth.permission", "pk": 17, "fields": {"name": "Can add content type", "content_type": 5, "codename": "add_contenttype"}}, {"model": "auth.permission", "pk": 18, "fields": {"name": "Can change content type", "content_type": 5, "codename": "change_contenttype"}}, {"model": "auth.permission", "pk": 19, "fields": {"name": "Can delete content type", "content_type": 5, "codename": "delete_contenttype"}}, {"model": "auth.permission", "pk": 20, "fields": {"name": "Can view content type", "content_type": 5, "codename": "view_contenttype"}}, {"model": "auth.permission", "pk": 21, "fields": {"name": "Can add session", "content_type": 6, "codename": "add_session"}}, {"model": "auth.permission", "pk": 22, "fields": {"name": "Can change session", "content_type": 6, "codename": "change_session"}}, {"model": "auth.permission", "pk": 23, "fields": {"name": "Can delete session", "content_type": 6, "codename": "delete_session"}}, {"model": "auth.permission", "pk": 24, "fields": {"name": "Can view session", "content_type": 6, "codename": "view_session"}}, {"model": "auth.permission", "pk": 25, "fields": {"name": "Can add Сообщение", "content_type": 7, "codename": "add_message"}}, {"model": "auth.permission", "pk": 26, "fields": {"name": "Can change Сообщение", "content_type": 7, "codename": "change_message"}}, {"model": "auth.permission", "pk": 27, "fields": {"name": "Can delete Сообщение", "content_type": 7, "codename": "delete_message"}}, {"model": "auth.permission", "pk": 28, "fields": {"name": "Can view Сообщение", "content_type": 7, "codename": "view_message"}}, {"model": "auth.permission", "pk": 29, "fields": {"name": "Can add testimony", "content_type": 8, "codename": "add_testimony"}}, {"model": "auth.permission", "pk": 30, "fields": {"name": "Can change testimony", "content_type": 8, "codename": "change_testimony"}}, {"model": "auth.permission", "pk": 31, "fields": {"name": "Can delete testimony", "content_type": 8, "codename": "delete_testimony"}}, {"model": "auth.permission", "pk": 32, "fields": {"name": "Can view testimony", "content_type": 8, "codename": "view_testimony"}}, {"model": "auth.permission", "pk": 33, "fields": {"name": "Can add item", "content_type": 9, "codename": "add_item"}}, {"model": "auth.permission", "pk": 34, "fields": {"name": "Can change item", "content_type": 9, "codename": "change_item"}}, {"model": "auth.permission", "pk": 35, "fields": {"name": "Can delete item", "content_type": 9, "codename": "delete_item"}}, {"model": "auth.permission", "pk": 36, "fields": {"name": "Can view item", "content_type": 9, "codename": "view_item"}}, {"model": "auth.permission", "pk": 37, "fields": {"name": "Can add service", "content_type": 10, "codename": "add_service"}}, {"model": "auth.permission", "pk": 38, "fields": {"name": "Can change service", "content_type": 10, "codename": "change_service"}}, {"model": "auth.permission", "pk": 39, "fields": {"name": "Can delete service", "content_type": 10, "codename": "delete_service"}}, {"model": "auth.permission", "pk": 40, "fields": {"name": "Can view service", "content_type": 10, "codename": "view_service"}}, {"model": "auth.permission", "pk": 41, "fields": {"name": "Can add author", "content_type": 11, "codename": "add_author"}}, {"model": "auth.permission", "pk": 42, "fields": {"name": "Can change author", "content_type": 11, "codename": "change_author"}}, {"model": "auth.permission", "pk": 43, "fields": {"name": "Can delete author", "content_type": 11, "codename": "delete_author"}}, {"model": "auth.permission", "pk": 44, "fields": {"name": "Can view author", "content_type": 11, "codename": "view_author"}}, {"model": "auth.permission", "pk": 45, "fields": {"name": "Can add skill", "content_type": 12, "codename": "add_skill"}}, {"model": "auth.permission", "pk": 46, "fields": {"name": "Can change skill", "content_type": 12, "codename": "change_skill"}}, {"model": "auth.permission", "pk": 47, "fields": {"name": "Can delete skill", "content_type": 12, "codename": "delete_skill"}}, {"model": "auth.permission", "pk": 48, "fields": {"name": "Can view skill", "content_type": 12, "codename": "view_skill"}}, {"model": "auth.permission", "pk": 49, "fields": {"name": "Can add work", "content_type": 13, "codename": "add_work"}}, {"model": "auth.permission", "pk": 50, "fields": {"name": "Can change work", "content_type": 13, "codename": "change_work"}}, {"model": "auth.permission", "pk": 51, "fields": {"name": "Can delete work", "content_type": 13, "codename": "delete_work"}}, {"model": "auth.permission", "pk": 52, "fields": {"name": "Can view work", "content_type": 13, "codename": "view_work"}}, {"model": "auth.permission", "pk": 53, "fields": {"name": "Can add category", "content_type": 14, "codename": "add_category"}}, {"model": "auth.permission", "pk": 54, "fields": {"name": "Can change category", "content_type": 14, "codename": "change_category"}}, {"model": "auth.permission", "pk": 55, "fields": {"name": "Can delete category", "content_type": 14, "codename": "delete_category"}}, {"model": "auth.permission", "pk": 56, "fields": {"name": "Can view category", "content_type": 14, "codename": "view_category"}}, {"model": "auth.user", "pk": 1, "fields": {"password": "pbkdf2_sha256$720000$8QxCu0lPhwmnR0yxf1w6MH$9j+Al0Wc0bWzZ+qU+2vI5yFi6dwvefurJkhdQZ/YoWU=", "last_login": "2024-01-18T19:37:38.919Z", "is_superuser": true, "username": "admin", "first_name": "", "last_name": "", "email": "", "is_staff": true, "is_active": true, "date_joined": "2024-01-18T19:11:18.759Z", "groups": [], "user_permissions": []}}, {"model": "auth.user", "pk": 2, "fields": {"password": "pbkdf2_sha256$720000$CPdkpoaOXHIsuq1cGLcYJz$8kQ/Ta7xSo0N88KA41kI3e4cl5tLGDP4krz0GO4+y00=", "last_login": "2024-08-07T19:46:22.249Z", "is_superuser": true, "username": "evgeniy", "first_name": "", "last_name": "", "email": "derzkie1994@gmail.com", "is_staff": true, "is_active": true, "date_joined": "2024-07-31T18:50:18.705Z", "groups": [], "user_permissions": []}}, {"model": "contenttypes.contenttype", "pk": 1, "fields": {"app_label": "admin", "model": "logentry"}}, {"model": "contenttypes.contenttype", "pk": 2, "fields": {"app_label": "auth", "model": "permission"}}, {"model": "contenttypes.contenttype", "pk": 3, "fields": {"app_label": "auth", "model": "group"}}, {"model": "contenttypes.contenttype", "pk": 4, "fields": {"app_label": "auth", "model": "user"}}, {"model": "contenttypes.contenttype", "pk": 5, "fields": {"app_label": "contenttypes", "model": "contenttype"}}, {"model": "contenttypes.contenttype", "pk": 6, "fields": {"app_label": "sessions", "model": "session"}}, {"model": "contenttypes.contenttype", "pk": 7, "fields": {"app_label": "portfolio", "model": "message"}}, {"model": "contenttypes.contenttype", "pk": 8, "fields": {"app_label": "portfolio", "model": "testimony"}}, {"model": "contenttypes.contenttype", "pk": 9, "fields": {"app_label": "portfolio", "model": "item"}}, {"model": "contenttypes.contenttype", "pk": 10, "fields": {"app_label": "portfolio", "model": "service"}}, {"model": "contenttypes.contenttype", "pk": 11, "fields": {"app_label": "portfolio", "model": "author"}}, {"model": "contenttypes.contenttype", "pk": 12, "fields": {"app_label": "portfolio", "model": "skill"}}, {"model": "contenttypes.contenttype", "pk": 13, "fields": {"app_label": "portfolio", "model": "work"}}, {"model": "contenttypes.contenttype", "pk": 14, "fields": {"app_label": "portfolio", "model": "category"}}, {"model": "sessions.session", "pk": "5gx5gnvvuufsa3hodgz289cs6xeio4vt", "fields": {"session_data": ".eJxVjDkOwjAUBe_iGlle-HagpOcMkf0XHEC2FCcV4u4QKQW0b2beS41pXcq4dp7HidRZWXX43XLCB9cN0D3VW9PY6jJPWW-K3mnX10b8vOzu30FJvXxrw-hjiCbLgDkKWUQryDFQIBHvGR3BYAiscUEAwCaOaCTlowsgJ_X-AA4kOME:1rQYCo:b0iPVUSgFqQ8zHA1PHV6TOGjzqm76ohRl43x6Q1uxVo", "expire_date": "2024-02-01T19:37:38.928Z"}}, {"model": "sessions.session", "pk": "forrrqqmiof2thvp7q9uymfsfmnbfi78", "fields": {"session_data": ".eJxVjDsOwjAQRO_iGln-O6akzxmstXeDA8iW4qRC3J1ESgHNFPPezJtF2NYSt05LnJFdmWKX3y5BflI9AD6g3hvPra7LnPih8JN2Pjak1-10_w4K9LKvwVhtyHoh82RVsNaRMSSlQjdJn0WGoNGn5IJ1YsAAGJJUgmBQsKdmny_KhjeW:1sZEP4:2ShtelQP6wUMz6FWwvnkU5zOIDNJwROaFkfpYzFWj6E", "expire_date": "2024-08-14T18:50:26.303Z"}}, {"model": "sessions.session", "pk": "wjk9u9d0s4b6cf4u3d91hbs0kld686yn", "fields": {"session_data": ".eJxVjDsOwjAQRO_iGln-O6akzxmstXeDA8iW4qRC3J1ESgHNFPPezJtF2NYSt05LnJFdmWKX3y5BflI9AD6g3hvPra7LnPih8JN2Pjak1-10_w4K9LKvwVhtyHoh82RVsNaRMSSlQjdJn0WGoNGn5IJ1YsAAGJJUgmBQsKdmny_KhjeW:1sbmc2:h53XvhD7QrboTiMy5Vpd8vv53S50hMqmUUjkUL_Z_x4", "expire_date": "2024-08-21T19:46:22.250Z"}}]